,0,1,2,3,4,5,6,7,8
0,AAGTGCAGTTAGGGCTGGGAAGG,1,4,0,VQL,V.L,['Q>.'],[3],fwd
1,AGTGCAGTTAGGGCTGGGAAGGG,2,5,0,VQL,V.L,['Q>.'],[3],fwd
2,CCGCCGTCCAAGACCTACCGAGG,0,39,0,PSK,LFK,"['P>L', 'S>F']","[14, 15]",fwd
3,GCGCGAAGTGATCCAGAACCCGG,2,89,0,REV,REV,['No Change'],[],fwd
4,TGATCCAGAACCCGGGCCCCAGG,1,97,0,IQN,I.N,['Q>.'],[34],fwd
5,CCCGGGCCCCAGGCACCCAGAGG,2,107,0,PGP,PGS,['P>S'],[38],fwd
6,GCCGCGAGCGCAGCACCTCCCGG,0,129,0,ASA,VSA,['A>V'],[44],fwd
7,AGCAGCAAGAGACTAGCCCCAGG,1,232,0,QQE,Q.E,['Q>.'],[79],fwd
8,CAGGCAGCAGCAGCAGCAGCAGG,2,251,0,RQQ,R..,"['Q>.', 'Q>.']","[85, 86]",fwd
9,AGGCAGCAGCAGCAGCAGCAGGG,0,252,0,QQQ,..Q,"['Q>.', 'Q>.']","[85, 86]",fwd
10,GCAGCAGCAGCAGCAGGGTGAGG,2,257,0,QQQ,Q..,"['Q>.', 'Q>.']","[87, 88]",fwd
11,CAGCAGCAGCAGGGTGAGGATGG,0,261,0,QQQ,..Q,"['Q>.', 'Q>.']","[88, 89]",fwd
12,TCTCCCCAAGCCCATCGTAGAGG,0,285,0,PQA,F.A,"['P>F', 'Q>.']","[96, 97]",fwd
13,GCCCATCGTAGAGGCCCCACAGG,0,294,0,HRR,YCR,"['H>Y', 'R>C']","[99, 100]",fwd
14,TAGAGGCCCCACAGGCTACCTGG,2,302,0,RGP,RGS,['P>S'],[103],fwd
15,CCCCACAGGCTACCTGGTCCTGG,2,308,0,PTG,PIG,['T>I'],[104],fwd
16,AGGCTACCTGGTCCTGGATGAGG,2,314,0,GYL,GYL,['No Change'],[],fwd
17,GCAACCTTCACAGCCGCAGTCGG,2,341,0,QPS,QFS,['P>F'],[115],fwd
18,TTCACAGCCGCAGTCGGCCCTGG,2,347,0,SQP,S.S,"['Q>.', 'P>S']","[117, 118]",fwd
19,CCCAGAGCCTGGAGCCGCCGTGG,2,395,0,PEP,PES,['P>S'],[134],fwd
20,AGCCGCCGTGGCCGCCAGCAAGG,2,407,0,AAV,AVV,['A>V'],[137],fwd
21,GCCGCCGTGGCCGCCAGCAAGGG,0,408,0,AVA,VVA,['A>V'],[137],fwd
22,CCGCCGTGGCCGCCAGCAAGGGG,1,409,0,AVA,VVA,['A>V'],[137],fwd
23,GCAGCAGCTGCCAGCACCTCCGG,2,437,0,QQL,Q.L,['Q>.'],[147],fwd
24,GCTGCCAGCACCTCCGGACGAGG,2,443,0,LPA,LLA,['P>L'],[149],fwd
25,CCCATCCACGTTGTCCCTGCTGG,2,479,0,PST,PFT,['S>F'],[161],fwd
26,CCATCCACGTTGTCCCTGCTGGG,0,480,0,STL,FML,"['S>F', 'T>M']","[161, 162]",fwd
27,CTGCTGGGCCCCACTTTCCCCGG,0,495,0,LGP,LGP,['No Change'],[],fwd
28,ACTCCTTCAGCAACAGCAGCAGG,2,575,0,LLQ,LF.,"['L>F', 'Q>.']","[193, 194]",fwd
29,CAGCAGGAAGCAGTATCCGAAGG,0,591,0,QEA,.EA,['Q>.'],[198],fwd
30,GTATCCGAAGGCAGCAGCAGCGG,0,603,0,SEG,FEG,['S>F'],[202],fwd
31,TATCCGAAGGCAGCAGCAGCGGG,1,604,0,SEG,FEG,['S>F'],[202],fwd
32,GCAGCAGCAGCGGGAGAGCGAGG,1,613,0,SSS,SSS,['No Change'],[],fwd
33,CAGCAGCAGCGGGAGAGCGAGGG,2,614,0,SSS,SSS,['No Change'],[],fwd
34,CAGCAGCGGGAGAGCGAGGGAGG,2,617,0,SSG,SSG,['No Change'],[],fwd
35,GGGAGAGCGAGGGAGGCCTCGGG,0,624,0,RAR,RVR,['A>V'],[210],fwd
36,GGAGAGCGAGGGAGGCCTCGGGG,1,625,0,RAR,RVR,['A>V'],[210],fwd
37,GAGAGCGAGGGAGGCCTCGGGGG,2,626,0,RAR,RVR,['A>V'],[210],fwd
38,GGGGGCTCCCACTTCCTCCAAGG,2,644,0,GAP,GVS,"['A>V', 'P>S']","[216, 217]",fwd
39,TCCTCCAAGGACAATTACTTAGG,0,657,0,SKD,FKD,['S>F'],[220],fwd
40,CCTCCAAGGACAATTACTTAGGG,1,658,0,SKD,FKD,['S>F'],[220],fwd
41,CTCCAAGGACAATTACTTAGGGG,2,659,0,SKD,SKD,['No Change'],[],fwd
42,GACCATTTCTGACAACGCCAAGG,2,689,0,TIS,TIS,['No Change'],[],fwd
43,CAACGCCAAGGAGTTGTGTAAGG,2,701,0,NAK,NVK,['A>V'],[235],fwd
44,TAAGGCAGTGTCGGTGTCCATGG,2,719,0,KAV,KVV,['A>V'],[241],fwd
45,AAGGCAGTGTCGGTGTCCATGGG,0,720,0,AVS,VVS,['A>V'],[241],fwd
46,AGTGTCGGTGTCCATGGGCCTGG,2,725,0,VSV,VLV,['S>L'],[243],fwd
47,GTGTCGGTGTCCATGGGCCTGGG,0,726,0,SVS,LVS,['S>L'],[243],fwd
48,GGTGTCCATGGGCCTGGGTGTGG,2,731,0,VSM,VFM,['S>F'],[245],fwd
49,GTCCATGGGCCTGGGTGTGGAGG,2,734,0,SMG,SMG,['No Change'],[],fwd
50,GGGCCTGGGTGTGGAGGCGTTGG,2,740,0,GLG,GLG,['No Change'],[],fwd
51,GTTGGAGCATCTGAGTCCAGGGG,2,758,0,LEH,LEY,['H>Y'],[255],fwd
52,TGAGTCCAGGGGAACAGCTTCGG,1,769,0,SPG,SLG,['P>L'],[258],fwd
53,GAGTCCAGGGGAACAGCTTCGGG,2,770,0,SPG,SLG,['P>L'],[258],fwd
54,AGTCCAGGGGAACAGCTTCGGGG,0,771,0,PGE,LGE,['P>L'],[258],fwd
55,GTCCAGGGGAACAGCTTCGGGGG,1,772,0,PGE,LGE,['P>L'],[258],fwd
56,TTGCATGTACGCCCCACTTTTGG,2,797,0,CMY,CMY,['No Change'],[],fwd
57,TCCCACTCCTTGTGCCCCATTGG,2,839,0,PTP,PIS,"['T>I', 'P>S']","[281, 282]",fwd
58,GCCCCATTGGCCGAATGCAAAGG,0,852,0,PLA,LLA,['P>L'],[285],fwd
59,TCTCTGCTAGACGACAGCGCAGG,0,876,0,LLD,LLD,['No Change'],[],fwd
60,GAGTATTCCCCTTTCAAGGGAGG,0,921,0,YSP,YFP,['S>F'],[309],fwd
61,GGTTACACCAAAGGGCTAGAAGG,0,942,0,YTK,YIK,['T>I'],[316],fwd
62,GGGCTAGAAGGCGAGAGCCTAGG,0,954,0,LEG,LEG,['No Change'],[],fwd
63,TGCTCTGGCAGCGCTGCAGCAGG,0,978,0,SGS,FGS,['S>F'],[327],fwd
64,GCTCTGGCAGCGCTGCAGCAGGG,1,979,0,SGS,FGS,['S>F'],[327],fwd
65,AGCGCTGCAGCAGGGAGCTCCGG,0,987,0,AAA,VVA,"['A>V', 'A>V']","[330, 331]",fwd
66,GCGCTGCAGCAGGGAGCTCCGGG,1,988,0,AAA,VVA,"['A>V', 'A>V']","[330, 331]",fwd
67,ACCCTGTCTCTCTACAAGTCCGG,0,1029,0,LSL,LFL,['S>F'],[345],fwd
68,TCTCTACAAGTCCGGAGCACTGG,2,1037,0,LYK,LYK,['No Change'],[],fwd
69,CAAGTCCGGAGCACTGGACGAGG,2,1043,0,KSG,KFG,['S>F'],[349],fwd
70,CGACTACTACAACTTTCCACTGG,2,1085,0,DYY,DYY,['No Change'],[],fwd
71,CTACAACTTTCCACTGGCTCTGG,2,1091,0,YNF,YNF,['No Change'],[],fwd
72,AACTTTCCACTGGCTCTGGCCGG,0,1095,0,FPL,FLL,['P>L'],[367],fwd
73,TCCCCACGCTCGCATCAAGCTGG,2,1145,0,PHA,PYA,['H>Y'],[383],fwd
74,CATCAAGCTGGAGAACCCGCTGG,2,1157,0,IKL,IKL,['No Change'],[],fwd
75,CGCTGGACTACGGCAGCGCCTGG,1,1174,0,LDY,LDY,['No Change'],[],fwd
76,GCTGGACTACGGCAGCGCCTGGG,2,1175,0,LDY,LDY,['No Change'],[],fwd
77,GGACTACGGCAGCGCCTGGGCGG,2,1178,0,DYG,DYG,['No Change'],[],fwd
78,CGGCAGCGCCTGGGCGGCTGCGG,2,1184,0,GSA,GSA,['No Change'],[],fwd
79,CAGCGCCTGGGCGGCTGCGGCGG,2,1187,0,SAW,SVW,['A>V'],[397],fwd
80,GCGGCGGCGCAGTGCCGCTATGG,0,1203,0,AAQ,VVQ,"['A>V', 'A>V']","[402, 403]",fwd
81,CGGCGGCGCAGTGCCGCTATGGG,1,1204,0,AAQ,VVQ,"['A>V', 'A>V']","[402, 403]",fwd
82,GGCGGCGCAGTGCCGCTATGGGG,2,1205,0,AAQ,AV.,"['A>V', 'Q>.']","[403, 404]",fwd
83,GCAGTGCCGCTATGGGGACCTGG,2,1211,0,QCR,QCC,['R>C'],[406],fwd
84,GGGGACCTGGCGAGCCTGCATGG,0,1224,0,DLA,DLA,['No Change'],[],fwd
85,CCTGGCGAGCCTGCATGGCGCGG,2,1229,0,LAS,LVS,['A>V'],[411],fwd
86,CTGGCGAGCCTGCATGGCGCGGG,0,1230,0,ASL,VSL,['A>V'],[411],fwd
87,CCTGCATGGCGCGGGTGCAGCGG,2,1238,0,LHG,LYG,['H>Y'],[414],fwd
88,CTGCATGGCGCGGGTGCAGCGGG,0,1239,0,HGA,YGA,['H>Y'],[414],fwd
89,GGCGCGGGTGCAGCGGGACCCGG,0,1245,0,AGA,VGA,['A>V'],[416],fwd
90,GGTGCAGCGGGACCCGGTTCTGG,0,1251,0,AAG,VVG,"['A>V', 'A>V']","[418, 419]",fwd
91,GTGCAGCGGGACCCGGTTCTGGG,1,1252,0,AAG,VVG,"['A>V', 'A>V']","[418, 419]",fwd
92,CAGCCGCCGCTTCCTCATCCTGG,1,1282,0,AAA,VVA,"['A>V', 'A>V']","[428, 429]",fwd
93,ACTCTCTTCACAGCCGAAGAAGG,0,1308,0,LFT,FFT,['L>F'],[437],fwd
94,GGCCAGTTGTATGGACCGTGTGG,0,1329,0,QLY,.LY,['Q>.'],[444],fwd
95,TATGGACCGTGTGGTGGTGGTGG,0,1338,0,GPC,GLC,['P>L'],[448],fwd
96,ATGGACCGTGTGGTGGTGGTGGG,1,1339,0,GPC,GLC,['P>L'],[448],fwd
97,TGGACCGTGTGGTGGTGGTGGGG,2,1340,0,GPC,GLC,['P>L'],[448],fwd
98,GGACCGTGTGGTGGTGGTGGGGG,0,1341,0,PCG,LCG,['P>L'],[448],fwd
99,GGTGGCGGCGGCGGCGGCGGCGG,0,1365,0,GGG,GGG,['No Change'],[],fwd
100,GGCGGCGGCGGCGGCGGCGGCGG,0,1368,0,GGG,GGG,['No Change'],[],fwd
101,GGCGGCGGCGGCGGCGGCGGCGG,0,1371,0,GGG,GGG,['No Change'],[],fwd
102,GGCGGCGGCGGCGGCGGCGGCGG,0,1374,0,GGG,GGG,['No Change'],[],fwd
103,GGCGGCGGCGGCGGCGGCGGCGG,0,1377,0,GGG,GGG,['No Change'],[],fwd
104,GGCGGCGGCGGCGGCGGCGGCGG,0,1380,0,GGG,GGG,['No Change'],[],fwd
105,GGCGGCGGCGGCGGCGGCGGCGG,0,1383,0,GGG,GGG,['No Change'],[],fwd
106,GGCGGCGGCGGCGGCGGCGGCGG,0,1386,0,GGG,GGG,['No Change'],[],fwd
107,GGCGGCGGCGGCGGCGGCGGCGG,0,1389,0,GGG,GGG,['No Change'],[],fwd
108,GGCGGCGGCGGCGGCGGCGGCGG,0,1392,0,GGG,GGG,['No Change'],[],fwd
109,GGCGGCGGCGGCGGCGGCGGCGG,0,1395,0,GGG,GGG,['No Change'],[],fwd
110,CGGCGGCGGCGGCGGCGGCGAGG,2,1400,0,GGG,GGG,['No Change'],[],fwd
111,CGGCGGCGGCGGCGGCGAGGCGG,2,1403,0,GGG,GGG,['No Change'],[],fwd
112,GGCGGCGGCGGCGGCGAGGCGGG,0,1404,0,GGG,GGG,['No Change'],[],fwd
113,GCGGGAGCTGTAGCCCCCTACGG,0,1422,0,GAV,GVV,['A>V'],[476],fwd
114,TAGCCCCCTACGGCTACACTCGG,1,1432,0,APY,VFY,"['A>V', 'P>F']","[478, 479]",fwd
115,CGGCTACACTCGGCCCCCTCAGG,2,1442,0,GYT,GYT,['No Change'],[],fwd
116,GGCTACACTCGGCCCCCTCAGGG,0,1443,0,YTR,YIR,['T>I'],[483],fwd
117,GCTACACTCGGCCCCCTCAGGGG,1,1444,0,YTR,YIR,['T>I'],[483],fwd
118,CACTCGGCCCCCTCAGGGGCTGG,2,1448,0,TRP,TWS,"['R>W', 'P>S']","[484, 485]",fwd
119,TCGGCCCCCTCAGGGGCTGGCGG,2,1451,0,RPP,RFS,"['P>F', 'P>S']","[485, 486]",fwd
120,CGGCCCCCTCAGGGGCTGGCGGG,0,1452,0,PPQ,FFQ,"['P>F', 'P>F']","[485, 486]",fwd
121,CCCTCAGGGGCTGGCGGGCCAGG,2,1457,0,PQG,P.G,['Q>.'],[487],fwd
122,ACTTCACCGCACCTGATGTGTGG,1,1486,0,FTA,FIA,['T>I'],[497],fwd
123,GCACCTGATGTGTGGTACCCTGG,0,1494,0,PDV,FDV,['P>F'],[499],fwd
124,TCAAAAGCGAAATGGGCCCCTGG,1,1558,0,KSE,KSE,['No Change'],[],fwd
125,AAGCGAAATGGGCCCCTGGATGG,2,1562,0,SEM,SEM,['No Change'],[],fwd
126,GATAGCTACTCCGGACCTTACGG,0,1584,0,SYS,SYS,['No Change'],[],fwd
127,ATAGCTACTCCGGACCTTACGGG,1,1585,0,SYS,SYS,['No Change'],[],fwd
128,TAGCTACTCCGGACCTTACGGGG,2,1586,0,SYS,SYS,['No Change'],[],fwd
129,CCGGACCTTACGGGGACATGCGg,1,1594,0,GPY,GFY,['P>F'],[533],fwd
130,CAGAAGACCTGCCTGATCTGTGG,0,1668,1,KTC,KIC,['T>I'],[558],fwd
131,GAAGCTTCTGGGTGTCACTATGG,0,1695,1,ASG,VFG,"['A>V', 'S>F']","[566, 567]",fwd
132,TCTCACATGTGGAAGCTGCAAGG,2,1721,1,LTC,LIC,['T>I'],[575],fwd
133,TTCTTCAAAAGAGCCGCTGAAGg,0,1746,1,FKR,FKR,['No Change'],[],fwd
134,AAAAGAGCCGCTGAAGgtaaagg,0,1752,1,RAA,RVA,['A>V'],[586],fwd
135,AAAGAGCCGCTGAAGgtaaaggg,1,1753,1,RAA,RVA,['A>V'],[586],fwd
136,GCACTATTGATAAATTCCGAAGG,1,1804,2,TID,IID,['T>I'],[602],fwd
137,ATTGTCCATCTTGTCGTCTTCGG,1,1831,2,CPS,CLS,['P>L'],[612],fwd
138,CTTCGGAAATGTTATGAAGCAGG,0,1848,2,RKC,WKC,['R>W'],[617],fwd
139,TATGAAGCAGGGATGACTCTGGG,0,1860,2,EAG,EVG,['A>V'],[622],fwd
140,GAAGCAGGGATGACTCTGGGAGg,0,1863,2,AGM,VGM,['A>V'],[622],fwd
141,gCCCGGAAGCTGAAGAAACTTGG,0,1884,3,RKL,WKL,['R>W'],[629],fwd
142,TGGTAATCTGAAACTACAGGAGG,2,1904,3,GNL,GNL,['No Change'],[],fwd
143,AATCTGAAACTACAGGAGGAAGG,0,1908,3,LKL,LKL,['No Change'],[],fwd
144,GAAACTACAGGAGGAAGGAGAGG,2,1913,3,KLQ,KL.,['Q>.'],[640],fwd
145,CAGCACCACCAGCCCCACTGAGG,2,1940,3,STT,SIT,['T>I'],[648],fwd
146,CTGACAGTGTCACACATTGAAGG,0,1977,3,TVS,IVS,['T>I'],[660],fwd
147,GCCCATCTTTCTGAATGTCCTGG,2,2012,3,PIF,PIF,['No Change'],[],fwd
148,GTCCTGGAAGCCATTGAGCCAGG,0,2028,3,LEA,LEA,['No Change'],[],fwd
149,GAGCCAGGTGTAGTGTGTGCTGG,0,2043,3,PGV,LGV,['P>L'],[682],fwd
150,GCTCTCTAGCCTCAATGAACTGG,2,2102,3,LSS,LFS,['S>F'],[702],fwd
151,CTCTCTAGCCTCAATGAACTGGG,0,2103,3,SSL,FSL,['S>F'],[702],fwd
152,AGAGAGACAGCTTGTACACGTGG,2,2126,3,ERQ,ER.,['Q>.'],[711],fwd
153,GCTTGTACACGTGGTCAAGTGGG,2,2135,3,LVH,LVY,['H>Y'],[714],fwd
154,ACACGTGGTCAAGTGGGCCAAGG,2,2141,3,HVV,HVV,['No Change'],[],fwd
155,AAGTGGGCCAAGGCCTTGCCTGg,0,2151,3,WAK,WVK,['A>V'],[719],fwd
156,GGCCAAGGCCTTGCCTGgtaagg,2,2156,3,AKA,AKA,['No Change'],[],fwd
157,GGCCTTGCCTGgtaaggaaaagg,2,2162,3,ALP,ALS,['P>S'],[723],fwd
158,GCCTTGCCTGgtaaggaaaaggg,0,2163,3,LP,LF,['P>F'],[723],fwd
159,agGCTTCCGCAACTTACACGTGG,2,2171,4,FR,FC,['R>C'],[726],fwd
160,CTTACACGTGGACGACCAGATGG,2,2183,4,LHV,LYV,['H>Y'],[729],fwd
161,TGGCTGTCATTCAGTACTCCTGG,1,2203,4,AVI,VVI,['A>V'],[735],fwd
162,TGTCATTCAGTACTCCTGGATGG,2,2207,4,VIQ,VI.,['Q>.'],[738],fwd
163,GTCATTCAGTACTCCTGGATGGG,0,2208,4,IQY,I.Y,['Q>.'],[738],fwd
164,TCATTCAGTACTCCTGGATGGGG,1,2209,4,IQY,I.Y,['Q>.'],[738],fwd
165,GTACTCCTGGATGGGGCTCATGG,2,2216,4,YSW,YFW,['S>F'],[740],fwd
166,GGGGCTCATGGTGTTTGCCATGG,2,2228,4,GLM,GFM,['L>F'],[744],fwd
167,GGGCTCATGGTGTTTGCCATGGG,0,2229,4,LMV,FMV,['L>F'],[744],fwd
168,CCTTCACCAATGTCAACTCCAGG,1,2260,4,FTN,FIN,['T>I'],[755],fwd
169,GCTCTACTTCGCCCCTGATCTGG,2,2285,4,LYF,LYF,['No Change'],[],fwd
170,TTTCAATGAgtaagtgctcctgg,2,2309,4,FN,FN,['No Change'],[],fwd
171,gGTACCGCATGCACAAGTCCCGG,1,2317,5,YRM,YCM,['R>C'],[774],fwd
172,ACAGCCAGTGTGTCCGAATGAGG,1,2344,5,SQC,S.C,['Q>.'],[783],fwd
173,AGGCACCTCTCTCAAGAGTTTGG,0,2364,5,HLS,YFS,"['H>Y', 'L>F']","[789, 790]",fwd
174,ACCTCTCTCAAGAGTTTGGATGG,1,2368,5,LSQ,LFQ,['S>F'],[791],fwd
175,ATGGCTCCAAATCACCCCCCAGG,2,2387,5,WLQ,WF.,"['L>F', 'Q>.']","[797, 798]",fwd
176,ACTTCGAATGAACTACATCAAGG,2,2489,6,LRM,L.M,['R>.'],[831],fwd
177,CTACCAGCTCACCAAGCTCCTGG,2,2570,6,YQL,Y.F,"['Q>.', 'L>F']","[858, 859]",fwd
178,TGCAGCCTgtaagcaaacgatgg,1,2599,6,QP,QF,['P>F'],[868],fwd
179,AGCCTgtaagcaaacgatggagg,1,2602,6,P,L,['P>L'],[868],fwd
180,CCTGCTAATCAAGTCACACATGG,2,2639,7,LLI,LLI,['No Change'],[],fwd
181,CAAGTCACACATGGTGAGCGTGG,2,2648,7,KSH,KLY,"['S>L', 'H>Y']","[884, 885]",fwd
182,CGTGGACTTTCCGGAAATGATGG,2,2666,7,VDF,VDF,['No Change'],[],fwd
183,CAAGTGCCCAAGATCCTTTCTGG,0,2706,7,VPK,VFK,['P>F'],[904],fwd
184,AAGTGCCCAAGATCCTTTCTGGG,1,2707,7,VPK,VFK,['P>F'],[904],fwd
185,TTCCACACCCAGTGAagcattgg,0,2748,7,HTQ,YIQ,"['H>Y', 'T>I']","[917, 918]",fwd
186,TGCACTTCCATccttgagcttgg,1,10,0,MEV,MKM,"['E>K', 'V>M']","[2, 3]",rev
187,AGGTCTTGGACGGCGGCCGAGGG,0,54,0,SKT,SKT,['No Change'],[],rev
188,TAGGTCTTGGACGGCGGCCGAGG,1,55,0,SKT,SKT,['No Change'],[],rev
189,CCTCGGTAGGTCTTGGACGGCGG,1,61,0,TYR,TYQ,['R>Q'],[20],rev
190,GCTCCTCGGTAGGTCTTGGACGG,1,64,0,YRG,YQK,"['R>Q', 'G>K']","[20, 21]",rev
191,GAAAGCTCCTCGGTAGGTCTTGG,2,68,0,RGA,RET,"['G>E', 'A>T']","[22, 23]",rev
192,ATTCTGGAAAGCTCCTCGGTAGG,2,74,0,AFQ,AFQ,['No Change'],[],rev
193,ACAGATTCTGGAAAGCTCCTCGG,0,78,0,QNL,QNL,['No Change'],[],rev
194,GCACGCTCTGGAACAGATTCTGG,0,90,0,QSV,QNM,"['S>N', 'V>M']","[29, 30]",rev
195,GGATCACTTCGCGCACGCTCTGG,0,102,0,EVI,EII,['V>I'],[33],rev
196,GGTGCCTGGGGCCCGGGTTCTGG,0,123,0,PRH,PKH,['R>K'],[40],rev
197,CCTCTGGGTGCCTGGGGCCCGGG,0,129,0,HPE,HPK,['E>K'],[43],rev
198,GCCTCTGGGTGCCTGGGGCCCGG,1,130,0,HPE,HPK,['E>K'],[43],rev
199,TCGCGGCCTCTGGGTGCCTGGGG,0,135,0,EAA,ETT,"['A>T', 'A>T']","[44, 45]",rev
200,CTCGCGGCCTCTGGGTGCCTGGG,1,136,0,EAA,ETT,"['A>T', 'A>T']","[44, 45]",rev
201,GCTCGCGGCCTCTGGGTGCCTGG,2,137,0,EAA,EAT,['A>T'],[46],rev
202,GTGCTGCGCTCGCGGCCTCTGGG,0,144,0,SAA,STT,"['A>T', 'A>T']","[47, 48]",rev
203,GGTGCTGCGCTCGCGGCCTCTGG,1,145,0,SAA,STT,"['A>T', 'A>T']","[47, 48]",rev
204,AGCAGCAAACTGGCGCCGGGAGG,1,166,0,SLL,SLL,['No Change'],[],rev
205,AGCAGCAGCAAACTGGCGCCGGG,1,169,0,LLL,LLL,['No Change'],[],rev
206,CAGCAGCAGCAAACTGGCGCCGG,2,170,0,LLL,LLL,['No Change'],[],rev
207,CTGCTGCAGCAGCAGCAAACTGG,2,176,0,LLQ,LLQ,['No Change'],[],rev
208,GCTGCTGCTGCTGCTGCCTGGGG,0,270,0,QQQ,QQQ,['No Change'],[],rev
209,TGCTGCTGCTGCTGCTGCCTGGG,1,271,0,QQQ,QQQ,['No Change'],[],rev
210,CTGCTGCTGCTGCTGCTGCCTGG,2,272,0,QQQ,QQQ,['No Change'],[],rev
211,GGGCCTCTACGATGGGCTTGGGG,1,310,0,RRG,RKN,"['R>K', 'G>N']","[102, 103]",rev
212,GGGGCCTCTACGATGGGCTTGGG,2,311,0,RRG,RKN,"['R>K', 'G>N']","[103, 104]",rev
213,TGGGGCCTCTACGATGGGCTTGG,0,312,0,RGP,RNP,['G>N'],[103],rev
214,AGCCTGTGGGGCCTCTACGATGG,0,318,0,PTG,PTS,['G>S'],[106],rev
215,CCAGGACCAGGTAGCCTGTGGGG,0,330,0,LVL,LIL,['V>I'],[109],rev
216,TCCAGGACCAGGTAGCCTGTGGG,1,331,0,LVL,LIL,['V>I'],[109],rev
217,ATCCAGGACCAGGTAGCCTGTGG,2,332,0,LVL,LVL,['No Change'],[],rev
218,GCTGTTCCTCATCCAGGACCAGG,0,342,0,EEQ,EKQ,['E>K'],[113],rev
219,AAGGTTGCTGTTCCTCATCCAGG,0,348,0,QQP,QQP,['No Change'],[],rev
220,AGGGCCGACTGCGGCTGTGAAGG,1,367,0,QSA,QST,['A>T'],[122],rev
221,TGGCACTCCAGGGCCGACTGCGG,1,376,0,LEC,LKY,"['E>K', 'C>Y']","[124, 125]",rev
222,TCTCTCGGGGTGGCACTCCAGGG,2,386,0,HPE,HPK,['E>K'],[129],rev
223,CTCTCTCGGGGTGGCACTCCAGG,0,387,0,PER,PKR,['E>K'],[128],rev
224,GGACGCAACCTCTCTCGGGGTGG,0,396,0,GCV,GYI,"['C>Y', 'V>I']","[131, 132]",rev
225,CTGGGACGCAACCTCTCTCGGGG,0,399,0,CVP,CIP,['V>I'],[132],rev
226,TCTGGGACGCAACCTCTCTCGGG,1,400,0,CVP,CIP,['V>I'],[132],rev
227,CCACGGCGGCTCCAGGCTCTGGG,0,417,0,AAV,ATM,"['A>T', 'V>M']","[138, 139]",rev
228,GCCACGGCGGCTCCAGGCTCTGG,1,418,0,AAV,ATM,"['A>T', 'V>M']","[138, 139]",rev
229,CTGGCGGCCACGGCGGCTCCAGG,1,424,0,VAA,VTT,"['A>T', 'A>T']","[140, 141]",rev
230,CCCCTTGCTGGCGGCCACGGCGG,2,431,0,ASK,ANK,['S>N'],[143],rev
231,CAGCCCCTTGCTGGCGGCCACGG,2,434,0,SKG,SKK,['G>K'],[145],rev
232,CTGCGGCAGCCCCTTGCTGGCGG,2,440,0,GLP,GLP,['No Change'],[],rev
233,CTGCTGCGGCAGCCCCTTGCTGG,2,443,0,LPQ,LPQ,['No Change'],[],rev
234,GGAGGTGCTGGCAGCTGCTGCGG,1,457,0,PAP,PTP,['A>T'],[151],rev
235,TCATCCTCGTCCGGAGGTGCTGG,1,469,0,DED,DKN,"['E>K', 'D>N']","[155, 156]",rev
236,GCTGAGTCATCCTCGTCCGGAGG,1,475,0,DDS,DNS,['D>N'],[157],rev
237,GCAGCTGAGTCATCCTCGTCCGG,1,478,0,DSA,DST,['A>T'],[159],rev
238,CAGCAGGGACAACGTGGATGGGG,2,500,0,LSL,LSL,['No Change'],[],rev
239,CCAGCAGGGACAACGTGGATGGG,0,501,0,SLL,SLL,['No Change'],[],rev
240,CCCAGCAGGGACAACGTGGATGG,1,502,0,SLL,SLL,['No Change'],[],rev
241,GGGGCCCAGCAGGGACAACGTGG,2,506,0,LLG,LLN,['G>N'],[169],rev
242,CTGCTTAAGCCGGGGAAAGTGGG,1,526,0,GLS,GLN,['S>N'],[175],rev
243,GCTGCTTAAGCCGGGGAAAGTGG,2,527,0,GLS,GLN,['S>N'],[176],rev
244,CGGAGCAGCTGCTTAAGCCGGGG,0,534,0,SCS,SYS,['C>Y'],[177],rev
245,GCGGAGCAGCTGCTTAAGCCGGG,1,535,0,SCS,SYS,['C>Y'],[177],rev
246,AGCGGAGCAGCTGCTTAAGCCGG,2,536,0,SCS,SYS,['C>Y'],[178],rev
247,CCTCGCTCAGGATGTCTTTAAGG,0,561,0,LSE,LNK,"['S>N', 'E>K']","[186, 187]",rev
248,CTGTTGCTGAAGGAGTTGCATGG,2,590,0,LQQ,LQQ,['No Change'],[],rev
249,CTTCCTGCTGCTGTTGCTGAAGG,0,600,0,QQE,QQK,['E>K'],[200],rev
250,TCTCCCGCTGCTGCTGCCTTCGG,2,629,0,SSG,SNK,"['S>N', 'G>K']","[209, 210]",rev
251,TAATTGTCCTTGGAGGAAGTGGG,1,673,0,KDN,KNN,['D>N'],[223],rev
252,GCCCCCTAAGTAATTGTCCTTGG,2,683,0,YLG,YLK,['G>K'],[228],rev
253,CTCCTTGGCGTTGTCAGAAATGG,2,713,0,NAK,NAK,['No Change'],[],rev
254,CACTGCCTTACACAACTCCTTGG,2,728,0,CKA,CKT,['A>T'],[243],rev
255,CGCCTCCACACCCAGGCCCATGG,2,758,0,GVE,GVK,['E>K'],[253],rev
256,GCTCCAACGCCTCCACACCCAGG,0,765,0,ALE,ALK,['E>K'],[255],rev
257,TCCCCCCGAAGCTGTTCCCCTGG,1,796,0,LRG,LQK,"['R>Q', 'G>K']","[264, 265]",rev
258,GGCCAATGGGGCACAAGGAGTGG,2,863,0,APL,APL,['No Change'],[],rev
259,CATTCGGCCAATGGGGCACAAGG,1,868,0,LAE,LTK,"['A>T', 'E>K']","[288, 289]",rev
260,ACCTTTGCATTCGGCCAATGGGG,2,875,0,ECK,EYK,['C>Y'],[291],rev
261,AACCTTTGCATTCGGCCAATGGG,0,876,0,CKG,CKS,['G>S'],[292],rev
262,GAACCTTTGCATTCGGCCAATGG,1,877,0,CKG,CKN,['G>N'],[292],rev
263,TAGCAGAGAACCTTTGCATTCGG,2,884,0,GSL,GSL,['No Change'],[],rev
264,GGTGTAACCTCCCTTGAAAGGGG,2,950,0,GGY,GDY,['G>D'],[316],rev
265,GCTCTCGCCTTCTAGCCCTTTGG,2,971,0,EGE,EDK,"['G>D', 'E>K']","[323, 324]",rev
266,CAGCGCTGCCAGAGCAGCCTAGG,0,993,0,GSA,GNT,"['S>N', 'A>T']","[330, 331]",rev
267,AGACGGCAGTTCAAGTGTCCCGG,2,1028,0,ELP,ELP,['No Change'],[],rev
268,TCCGGACTTGTAGAGAGACAGGG,2,1052,0,YKS,YKS,['No Change'],[],rev
269,CTCCGGACTTGTAGAGAGACAGG,0,1053,0,KSG,KSR,['G>R'],[351],rev
270,AGCTGCCTCGTCCAGTGCTCCGG,2,1070,0,DEA,DET,['A>T'],[357],rev
271,GGCGGTCCGGCCAGAGCCAGTGG,1,1123,0,AGP,AKP,['G>K'],[373],rev
272,CGGCGGAGGGGGCGGCGGTCCGG,2,1136,0,PPP,PPP,['No Change'],[],rev
273,GGAGGCGGCGGAGGGGGCGGCGG,1,1141,0,PPP,PPP,['No Change'],[],rev
274,CGAGCGTGGGGATGGGGAGGCGG,1,1156,0,PHA,PHT,['A>T'],[385],rev
275,ATGCGAGCGTGGGGATGGGGAGG,1,1159,0,HAR,HTH,"['A>T', 'R>H']","[385, 386]",rev
276,TTGATGCGAGCGTGGGGATGGGG,1,1162,0,ARI,AHI,['R>H'],[386],rev
277,CTTGATGCGAGCGTGGGGATGGG,2,1163,0,ARI,AHI,['R>H'],[387],rev
278,TCCAGCTTGATGCGAGCGTGGGG,1,1168,0,IKL,IKL,['No Change'],[],rev
279,CTCCAGCTTGATGCGAGCGTGGG,2,1169,0,IKL,IKL,['No Change'],[],rev
280,TCTCCAGCTTGATGCGAGCGTGG,0,1170,0,KLE,KLK,['E>K'],[390],rev
281,AGGCGCTGCCGTAGTCCAGCGGG,0,1194,0,GSA,GNT,"['S>N', 'A>T']","[397, 398]",rev
282,CAGGCGCTGCCGTAGTCCAGCGG,1,1195,0,GSA,GNT,"['S>N', 'A>T']","[397, 398]",rev
283,CTGCGCCGCCGCAGCCGCCCAGG,2,1214,0,AAA,AAT,['A>T'],[405],rev
284,GGCTCGCCAGGTCCCCATAGCGG,0,1239,0,LAS,LTS,['A>T'],[412],rev
285,CCGCGCCATGCAGGCTCGCCAGG,0,1251,0,HGA,HNT,"['G>N', 'A>T']","[416, 417]",rev
286,CCGCTGCACCCGCGCCATGCAGG,0,1260,0,GAA,GTT,"['A>T', 'A>T']","[419, 420]",rev
287,GTGCCAGGATGAGGAAGCGGCGG,2,1307,0,SSW,SS.,['W>.'],[436],rev
288,AGTGTGCCAGGATGAGGAAGCGG,2,1310,0,SWH,S.H,['W>.'],[436],rev
289,TCCATACAACTGGCCTTCTTCGG,2,1343,0,QLY,QLY,['No Change'],[],rev
290,CACCACACGGTCCATACAACTGG,0,1353,0,PCG,PYS,"['C>Y', 'G>S']","[450, 451]",rev
291,CCACCCCCACCACCACCACACGG,1,1366,0,GGG,GKN,"['G>K', 'G>N']","[454, 455]",rev
292,GGGCCGAGTGTAGCCGTAGGGGG,2,1457,0,YTR,YTQ,['R>Q'],[486],rev
293,GGGGCCGAGTGTAGCCGTAGGGG,0,1458,0,TRP,TQP,['R>Q'],[485],rev
294,GGGGGCCGAGTGTAGCCGTAGGG,1,1459,0,TRP,TQP,['R>Q'],[485],rev
295,AGGGGGCCGAGTGTAGCCGTAGG,2,1460,0,TRP,TQP,['R>Q'],[486],rev
296,TGGCCCGCCAGCCCCTGAGGGGG,1,1477,0,LAG,LTN,"['A>T', 'G>N']","[491, 492]",rev
297,CTGGCCCGCCAGCCCCTGAGGGG,2,1478,0,LAG,LAN,['G>N'],[493],rev
298,CCTGGCCCGCCAGCCCCTGAGGG,0,1479,0,AGQ,ANQ,['G>N'],[492],rev
299,TCCTGGCCCGCCAGCCCCTGAGG,1,1480,0,AGQ,ANQ,['G>N'],[492],rev
300,GTGCGGTGAAGTCGCTTTCCTGG,0,1497,0,FTA,FTT,['A>T'],[499],rev
301,AGGGTACCACACATCAGGTGCGG,2,1514,0,VWY,V.Y,['W>.'],[504],rev
302,CCGCCAGGGTACCACACATCAGG,1,1519,0,YPG,YPN,['G>N'],[506],rev
303,CTCTGCTCACCATGCCGCCAGGG,0,1533,0,VSR,VNR,['S>N'],[510],rev
304,ACTCTGCTCACCATGCCGCCAGG,1,1534,0,VSR,VNK,"['S>N', 'R>K']","[510, 511]",rev
305,ACACAAGTGGGACTGGGATAGGG,1,1558,0,PTC,PTY,['C>Y'],[519],rev
306,GACACAAGTGGGACTGGGATAGG,2,1559,0,PTC,PTY,['C>Y'],[520],rev
307,CTTTTGACACAAGTGGGACTGGG,1,1564,0,CVK,CIK,['V>I'],[520],rev
308,ATTTCGCTTTTGACACAAGTGGG,1,1570,0,KSE,KNK,"['S>N', 'E>K']","[522, 523]",rev
309,CATTTCGCTTTTGACACAAGTGG,2,1571,0,KSE,KNK,"['S>N', 'E>K']","[523, 524]",rev
310,cCGCATGTCCCCGTAAGGTCCGG,2,1616,0,GDM,GDI,['M>I'],[539],rev
311,acttacCGCATGTCCCCGTAAGG,1,1621,0,M,M,['No Change'],[],rev
312,GTCCCTGGCAGTCTCCAAActgg,2,1634,1,TAR,TAK,['R>K'],[545],rev
313,AATGGGCAAAACATGGTCCCTGG,2,1649,1,VLP,VLP,['No Change'],[],rev
314,AATAGTCAATGGGCAAAACATGG,0,1656,1,IDY,INY,['D>N'],[551],rev
315,ATCAGGCAGGTCTTCTGGGGTGG,1,1684,1,TCL,TYL,['C>Y'],[560],rev
316,CAGATCAGGCAGGTCTTCTGGGG,1,1687,1,CLI,CLI,['No Change'],[],rev
317,ACAGATCAGGCAGGTCTTCTGGG,2,1688,1,CLI,CLI,['No Change'],[],rev
318,CACAGATCAGGCAGGTCTTCTGG,0,1689,1,LIC,LIC,['No Change'],[],rev
319,TTCATCTCCACAGATCAGGCAGG,2,1697,1,CGD,CEN,"['G>E', 'D>N']","[565, 566]",rev
320,AAGCTTCATCTCCACAGATCAGG,0,1701,1,DEA,DKT,"['E>K', 'A>T']","[566, 567]",rev
321,ACAGGTACTTCTGTTTCCctggg,0,1785,2,KYL,KYL,['No Change'],[],rev
322,AATCATTTCTGCTGGCGCACAGG,0,1803,2,RND,RNN,['D>N'],[601],rev
323,AATAGTGCAATCATTTCTGCTGG,2,1811,2,DCT,DYT,['C>Y'],[603],rev
324,CATTTCCGAAGACGACAAGATGG,1,1858,2,LRK,LQK,['R>Q'],[618],rev
325,CAGCTTCCGGGctattgggaagg,2,1895,3,RK,QK,['R>Q'],[631],rev
326,TCTTCAGCTTCCGGGctattggg,0,1899,3,KLK,KLK,['No Change'],[],rev
327,TTCTTCAGCTTCCGGGctattgg,1,1900,3,KLK,KLK,['No Change'],[],rev
328,TACCAAGTTTCTTCAGCTTCCGG,0,1908,3,KLG,KLS,['G>S'],[636],rev
329,TGTCTCCTCAGTGGGGCTGGTGG,2,1967,3,TEE,TEK,['E>K'],[656],rev
330,GGTTGTCTCCTCAGTGGGGCTGG,2,1970,3,EET,EET,['No Change'],[],rev
331,CTTCTGGGTTGTCTCCTCAGTGG,2,1976,3,TTQ,TTQ,['No Change'],[],rev
332,GTGTGACACTGTCAGCTTCTGGG,2,1991,3,TVS,TVS,['No Change'],[],rev
333,TGTGTGACACTGTCAGCTTCTGG,0,1992,3,VSH,VSH,['No Change'],[],rev
334,TCCAGGACATTCAGAAAGATGGG,1,2035,3,NVL,NIL,['V>I'],[677],rev
335,TTCCAGGACATTCAGAAAGATGG,2,2036,3,NVL,NVL,['No Change'],[],rev
336,CACCTGGCTCAATGGCTTCCAGG,0,2052,3,EPG,EPS,['G>S'],[684],rev
337,ACACACTACACCTGGCTCAATGG,2,2060,3,GVV,GVI,['V>I'],[687],rev
338,TGTCCAGCACACACTACACCTGG,1,2068,3,CAG,CTK,"['A>T', 'G>K']","[688, 689]",rev
339,AGGCTGCAAAGGAGTCGGGCTGG,0,2100,3,FAA,FTT,"['A>T', 'A>T']","[699, 700]",rev
340,AGCAAGGCTGCAAAGGAGTCGGG,1,2104,3,AAL,ATL,['A>T'],[700],rev
341,GAGCAAGGCTGCAAAGGAGTCGG,2,2105,3,AAL,AAL,['No Change'],[],rev
342,GTCTCTCTCCCAGTTCATTGAGG,0,2133,3,GER,GKR,['E>K'],[710],rev
343,GCGGAAGCctggagaagaagagg,2,2180,4,F,F,['No Change'],[],rev
344,GGTCGTCCACGTGTAAGTTGCGG,0,2199,4,VDD,VNN,"['D>N', 'D>N']","[732, 733]",rev
345,AGTACTGAATGACAGCCATCTGG,0,2220,4,IQY,IQY,['No Change'],[],rev
346,AAACACCATGAGCCCCATCCAGG,2,2243,4,LMV,LII,"['M>I', 'V>I']","[747, 748]",rev
347,GAGCATCCTGGAGTTGACATTGG,2,2288,4,SRM,SKI,"['R>K', 'M>I']","[762, 763]",rev
348,AGGGGCGAAGTAGAGCATCCTGG,2,2300,4,YFA,YFT,['A>T'],[767],rev
349,acTCATTGAAAACCAGATCAGGG,0,2319,4,FN,FN,['No Change'],[],rev
350,tacTCATTGAAAACCAGATCAGG,1,2320,4,FN,FN,['No Change'],[],rev
351,TGTGCATGCGGTACctgggaagg,0,2331,5,RMH,RIH,['M>I'],[776],rev
352,GGACTTGTGCATGCGGTACctgg,2,2336,5,MHK,MHK,['No Change'],[],rev
353,ACATCCGGGACTTGTGCATGCGG,0,2343,5,SRM,SQM,['R>Q'],[780],rev
354,GACACACTGGCTGTACATCCGGG,2,2357,5,SQC,SQY,['C>Y'],[786],rev
355,GGACACACTGGCTGTACATCCGG,0,2358,5,QCV,QYI,"['C>Y', 'V>I']","[785, 786]",rev
356,GGTGCCTCATTCGGACACACTGG,0,2370,5,MRH,IKH,"['M>I', 'R>K']","[788, 789]",rev
357,GCCATCCAAACTCTTGAGAGAGG,0,2391,5,FGW,FKW,['G>K'],[796],rev
358,GGAATTCCTGGGGGGTGATTTGG,0,2415,5,QEF,QKF,['E>K'],[804],rev
359,CATGCACAGGAATTCCTGGGGGG,2,2423,5,FLC,FLY,['C>Y'],[808],rev
360,TCATGCACAGGAATTCCTGGGGG,0,2424,5,LCM,LYM,['C>Y'],[807],rev
361,TTCATGCACAGGAATTCCTGGGG,1,2425,5,LCM,LYM,['C>Y'],[807],rev
362,TTTCATGCACAGGAATTCCTGGG,2,2426,5,LCM,LYI,"['C>Y', 'M>I']","[808, 809]",rev
363,CTTTCATGCACAGGAATTCCTGG,0,2427,5,CMK,CIK,['M>I'],[808],rev
364,GTAGCAGTGCTTTCATGCACAGG,0,2436,5,ALL,ALL,['No Change'],[],rev
365,CCATCCACTGGAActgatgtggg,1,2461,6,PVD,PIN,"['V>I', 'D>N']","[819, 820]",rev
366,CCCATCCACTGGAActgatgtgg,2,2462,6,PVD,PVN,['D>N'],[821],rev
367,AAGCGTCTTGAGCAGGATGTGGG,1,2569,6,SRR,SKH,"['R>K', 'R>H']","[855, 856]",rev
368,GAAGCGTCTTGAGCAGGATGTGG,2,2570,6,SRR,SKH,"['R>K', 'R>H']","[856, 857]",rev
369,AGTCCAGGAGCTTGGTGAGCTGG,0,2595,6,LLD,LLN,['D>N'],[865],rev
370,CTGCACGGAGTCCAGGAGCTTGG,2,2603,6,DSV,DSI,['V>I'],[868],rev
371,ttacAGGCTGCACGGAGTCCAGG,0,2610,6,QP,QP,['No Change'],[],rev
372,CAGCTCTCTCGCAATctgtaggg,2,2621,7,ARE,AKK,"['R>K', 'E>K']","[873, 874]",rev
373,GCAGCTCTCTCGCAATctgtagg,0,2622,7,REL,RKL,['E>K'],[873],rev
374,ATGATCTCTGCCATCATTTCCGG,1,2698,7,AEI,AKI,['E>K'],[898],rev
375,ACTTTCCCAGAAAGGATCTTGGG,1,2734,7,SGK,SKK,['G>K'],[910],rev
376,GACTTTCCCAGAAAGGATCTTGG,2,2735,7,SGK,SEK,['G>E'],[911],rev
377,TGGGCTTGACTTTCCCAGAAAGG,0,2742,7,VKP,VKP,['No Change'],[],rev
378,TCACTGGGTGTGGAAATAGATGG,2,2762,7,HTQ,HTQ,['No Change'],[],rev
