gene,guide RNA 5>3,target site 5>3,direction,exon,base_ind
CBLB,GTGGTCGAGGAGGAAATCCCCGA,GTGGTCGAGGAGGAAATCCCCGA,fwd,1,36
CBLB,TCCCCGAAAAGGTCGAATTTTGG,TCCCCGAAAAGGTCGAATTTTGG,fwd,1,51
CBLB,CCCCGAAAAGGTCGAATTTTGGG,CCCCGAAAAGGTCGAATTTTGGG,fwd,1,51
CBLB,GGTCGAATTTTGGGTATTATTGA,GGTCGAATTTTGGGTATTATTGA,fwd,1,60
CBLB,CTAAGCAAGCTGCCGCAGATCGC,CTAAGCAAGCTGCCGCAGATCGC,fwd,1,111
CBLB,AGCTTCCAAGTCTTCTCCACGGT,ACCGTGGAGAAGACTTGGAAGCT,rev,1,147
CBLB,GTGCCAAAATCCCAAACTTCAGT,GTGCCAAAATCCCAAACTTCAGT,fwd,2,180
CBLB,CTTGCCCAACTCAGTGAGAATGA,CTTGCCCAACTCAGTGAGAATGA,fwd,2,297
CBLB,TGCCCAACTCAGTGAGAATGAGT,TGCCCAACTCAGTGAGAATGAGT,fwd,2,297
CBLB,TGAAGAACAGTCACAGGACAGgt,TGAAGAACAGTCACAGGACAGgt,fwd,2,405
CBLB,GAACAGTCACAGGACAGgtaaga,GAACAGTCACAGGACAGgtaaga,fwd,2,405
CBLB,CAGTCACAGGACAGgtaagaaga,CAGTCACAGGACAGgtaagaaga,fwd,2,411
CBLB,cagACGAAATCTCACAAAACTGT,cagACGAAATCTCACAAAACTGT,fwd,3,420
CBLB,AATTCCAGGGAGATAACTTTCGT,AATTCCAGGGAGATAACTTTCGT,fwd,3,498
CBLB,CTCCAGAATTCAGCAGCATCTGC,GCAGATGCTGCTGAATTCTGGAG,rev,3,543
CBLB,TTTCCATGGTACGATAGTTctgt,acagAACTATCGTACCATGGAAA,rev,4,579
CBLB,TTCAGACAGTGCCTTCATGAGGT,TTCAGACAGTGCCTTCATGAGGT,fwd,4,594
CBLB,CCACCAGATTAGCTCTGGCCTGG,CCACCAGATTAGCTCTGGCCTGG,fwd,4,615
CBLB,CACCAGATTAGCTCTGGCCTGGA,CACCAGATTAGCTCTGGCCTGGA,fwd,4,615
CBLB,GTTTCAGgtaagtttatacttgc,GTTTCAGgtaagtttatacttgc,fwd,4,720
CBLB,ATTCCAATTCCGCAAAATAGAGC,GCTCTATTTTGCGGAATTGGAAT,rev,5,747
CBLB,AAATTCCAATTCCGCAAAATAGA,TCTATTTTGCGGAATTGGAATTT,rev,5,747
CBLB,AAGCACGACTACAGAAATATAGC,AAGCACGACTACAGAAATATAGC,fwd,5,813
CBLB,TTGCACTCGATTGGGACAGTGGG,TTGCACTCGATTGGGACAGTGGG,fwd,6,870
CBLB,TGCACTCGATTGGGACAGTGGGC,TGCACTCGATTGGGACAGTGGGC,fwd,6,870
CBLB,GGCCCACTGTCCCAATCGAGTGC,GCACTCGATTGGGACAGTGGGCC,rev,6,882
CBLB,ATGGCCCACTGTCCCAATCGAGT,ACTCGATTGGGACAGTGGGCCAT,rev,6,882
CBLB,GGACAGTGGGCCATTGGCTATGT,GGACAGTGGGCCATTGGCTATGT,fwd,6,879
CBLB,TTATTTCAAGCCCTGATTGATGG,TTATTTCAAGCCCTGATTGATGG,fwd,6,951
CBLB,TATTTCAAGCCCTGATTGATGGC,TATTTCAAGCCCTGATTGATGGC,fwd,6,951
CBLB,GTTACACAGgtaaggataattgc,GTTACACAGgtaaggataattgc,fwd,7,1068
CBLB,agGAACAATATGAATTATATTGT,agGAACAATATGAATTATATTGT,fwd,8,1074
CBLB,GAACAATATGAATTATATTGTGA,GAACAATATGAATTATATTGTGA,fwd,8,1074
CBLB,CTTTTCAGCTCTGTAAGATTTGT,CTTTTCAGCTCTGTAAGATTTGT,fwd,8,1110
CBLB,TTTCAGCTCTGTAAGATTTGTGC,TTTCAGCTCTGTAAGATTTGTGC,fwd,8,1110
CBLB,TGCCATGCCGTAAGGCAAGAGGT,ACCTCTTGCCTTACGGCATGGCA,rev,8,1197
CBLB,CTGCCATGCCGTAAGGCAAGAGG,CCTCTTGCCTTACGGCATGGCAG,rev,8,1197
CBLB,acCTGCCATGCCGTAAGGCAAGA,TCTTGCCTTACGGCATGGCAGgt,rev,8,1197
CBLB,GCATGGCAGgtataatcattagc,GCATGGCAGgtataatcattagc,fwd,8,1200
CBLB,ATGGTCAGGGCTGCCCTTTCTGT,ATGGTCAGGGCTGCCCTTTCTGT,fwd,9,1215
CBLB,AACGTCCGAAAGgtaaaactaga,AACGTCCGAAAGgtaaaactaga,fwd,9,1401
CBLB,TGCCCAGAGAAGAAAGCCACAGC,TGCCCAGAGAAGAAAGCCACAGC,fwd,10,1461
CBLB,GCCACAGCCTGACCCACTCCAGA,GCCACAGCCTGACCCACTCCAGA,fwd,10,1476
CBLB,CACTCCAGATCCCACATCTAAGC,CACTCCAGATCCCACATCTAAGC,fwd,10,1491
CBLB,TAATTCAGAAAGGCATAGTTAGA,TAATTCAGAAAGGCATAGTTAGA,fwd,10,1542
CBLB,AAACAAGATAAACCACTCCCAGC,AAACAAGATAAACCACTCCCAGC,fwd,11,1617
CBLB,ACCATGCTTCAAGAGGCATTGGC,GCCAATGCCTCTTGAAGCATGGT,rev,11,1776
CBLB,CACCATGCTTCAAGAGGCATTGG,CCAATGCCTCTTGAAGCATGGTG,rev,11,1776
CBLB,CTAATCAGCTTGTGGGATGTCGA,CTAATCAGCTTGTGGGATGTCGA,fwd,11,1806
CBLB,GGGATGTCGACTCCTAGGGGAGG,GGGATGTCGACTCCTAGGGGAGG,fwd,11,1821
CBLB,GGATGTCGACTCCTAGGGGAGGG,GGATGTCGACTCCTAGGGGAGGG,fwd,11,1821
CBLB,GATGTCGACTCCTAGGGGAGGGC,GATGTCGACTCCTAGGGGAGGGC,fwd,11,1821
CBLB,GGCCAAGTTCCTTTGCCTCCTGC,GGCCAAGTTCCTTTGCCTCCTGC,fwd,17,2595
CBLB,AACATCACAGGACTATGATCAGC,AACATCACAGGACTATGATCAGC,fwd,17,2658
CBLB,GATCAGCTTCCTTCATGTTCAGg,GATCAGCTTCCTTCATGTTCAGg,fwd,17,2670
CBLB,AAACCACGACCGCGCAGGACTGC,AAACCACGACCGCGCAGGACTGC,fwd,18,2724
CBLB,ATAGCCCAGAATAATGTCGAAGT,ATAGCCCAGAATAATGTCGAAGT,fwd,18,2868
CBLB,GCCCAGAATAATGTCGAAGTTGC,GCCCAGAATAATGTCGAAGTTGC,fwd,18,2868
CBLB,ctgCTATAGATTTAGACGTGGGG,CCCCACGTCTAAATCTATAGcag,rev,18,2946
CBLB,gctgCTATAGATTTAGACGTGGG,CCCACGTCTAAATCTATAGcagc,rev,18,2946
CBLB,ggctgCTATAGATTTAGACGTGG,CCACGTCTAAATCTATAGcagcc,rev,18,2946
